Temperature,Sex,HeartRate
96.30,M,70
96.70,M,71
96.90,M,74
97.00,M,80
97.10,M,73
97.10,M,75
97.10,M,82
97.20,M,64
97.30,M,69
97.40,M,70
97.40,M,68
97.40,M,72
97.40,M,78
97.50,M,70
97.50,M,75
97.60,M,74
97.60,M,69
97.60,M,73
97.70,M,77
97.80,M,58
97.80,M,73
97.80,M,65
97.80,M,74
97.90,M,76
97.90,M,72
98.00,M,78
98.00,M,71
98.00,M,74
98.00,M,67
98.00,M,64
98.00,M,78
98.10,M,73
98.10,M,67
98.20,M,66
98.20,M,64
98.20,M,71
98.20,M,72
98.30,M,86
98.30,M,72
98.40,M,68
98.40,M,70
98.40,M,82
98.40,M,84
98.50,M,68
98.50,M,71
98.60,F,77
98.60,M,78
98.60,M,83
98.60,F,66
98.60,M,70
98.60,M,82
98.70,F,73
98.70,M,78
98.80,M,78
98.80,M,81
98.80,F,78
98.90,M,80
99.00,F,75
99.00,F,79
99.00,M,81
99.10,M,71
99.20,M,83
99.30,M,63
99.40,M,70
99.50,M,75
96.40,F,69
96.70,F,62
96.80,M,75
97.20,M,66
97.20,F,68
97.40,F,57
97.60,M,61
97.70,F,84
97.70,M,61
97.80,F,77
97.80,F,62
97.80,F,71
97.90,M,68
97.90,F,69
97.90,F,79
98.00,F,76
98.00,M,87
98.00,F,78
98.00,F,73
98.00,F,89
98.10,F,81
98.20,F,73
98.20,F,64
98.20,F,65
98.20,F,73
98.20,F,69
98.20,F,57
98.30,F,79
98.30,F,78
98.30,F,80
98.40,F,79
98.40,F,81
98.40,F,73
98.40,F,74
98.40,F,84
98.50,F,83
98.60,F,82
98.60,F,85
98.60,F,86
98.60,F,77
98.70,F,72
98.70,F,79
98.70,F,59
98.70,F,64
98.70,F,65
98.70,F,82
98.80,F,64
98.80,F,70
98.80,F,83
98.80,F,89
98.80,F,69
98.80,F,73
98.80,F,84
98.90,F,76
99.00,F,79
99.00,F,81
99.10,F,80
99.10,F,74
99.20,F,77
99.20,F,66
99.30,F,68
99.40,F,77
99.90,F,79
100.00,F,78
100.80,F,77